t,ni,nl,nu,ns,a,r,l,d,p,m
1000,0,20,100,20,7,1e+06,1500,10,2e+08,non-persistent

nodes,totalTransmissionAttempts(Tta),totalTransmittedFrames(Ttf),efficiency(Ttf/Tta),totalTransmittedBits(Ttb),throughput(Ttb/t),totalEnqueuedFrames(Tef),Ttf/Tef,totalVisitedFrames(Tvf),Tvf/Tef,Ttf/Tvf,totalChannelSenses(Tcs),Tta/Tcs,Ttf/Tcs,Tcs/Tvf,totalWaits(Tw),Tw/Tcs,Tw/Tvf,totalWaitTime(Twt),averageWaitTime(Twt/Tw),totalNonPersistentDrops(Tnpd),Tnpd/Tvf,totalDefaultBackoffs(Tdb),Tdb/Tcs,Tdb/Tvf,totalDefaultBackoffDelay(Tdbd),averageDefaultBackoffDelay(Tdbd/Tdb),totalCollisionDrops(Tcd),Tcd/Tvf
20,10371,10332,0.99624,1.5498e+07,15498,140017,0.073791,10351,0.0739267,0.998164,10390,0.998171,0.994418,1.00377,281,0.0270452,0.0271471,0.195144,0.000694462,0,0,39,0.00375361,0.00376775,0.016384,0.000420103,0,0,
40,18931,18857,0.996091,2.82855e+07,28285.5,279729,0.0674117,18895,0.0675475,0.997989,18969,0.997997,0.994096,1.00392,739,0.0389583,0.0391109,0.543544,0.000735513,0,0,74,0.0039011,0.00391638,0.029184,0.000394378,0,0,
60,17688,17562,0.992877,2.6343e+07,26343,419234,0.0418907,17621,0.0420314,0.996652,17747,0.996675,0.989576,1.00715,832,0.0468812,0.0472164,0.60349,0.000725348,0,0,126,0.00709979,0.00715056,0.049664,0.000394159,0,0,
80,22246,22106,0.993707,3.3159e+07,33159,559313,0.0395235,22184,0.0396629,0.996484,22324,0.996506,0.990235,1.00631,1128,0.0505286,0.0508475,0.824331,0.00073079,0,0,140,0.00627128,0.00631085,0.06144,0.000438857,0,0,
100,16506,16343,0.990125,2.45145e+07,24514.5,700264,0.0233383,16442,0.0234797,0.993979,16605,0.994038,0.984222,1.00991,954,0.0574526,0.0580221,0.684337,0.000717334,0,0,163,0.00981632,0.00991364,0.052224,0.000320393,0,0,
