t,ni,nl,nu,ns,a,r,l,d,p,m
1000,0,20,100,20,7,1e+06,1500,10,2e+08,persistent

nodes,totalTransmissionAttempts(Tta),totalTransmittedFrames(Ttf),efficiency(Ttf/Tta),totalTransmittedBits(Ttb),throughput(Ttb/t),totalEnqueuedFrames(Tef),Ttf/Tef,totalVisitedFrames(Tvf),Tvf/Tef,Ttf/Tvf,totalChannelSenses(Tcs),Tta/Tcs,Ttf/Tcs,Tcs/Tvf,totalWaits(Tw),Tw/Tcs,Tw/Tvf,totalWaitTime(Twt),averageWaitTime(Twt/Tw),totalNonPersistentDrops(Tnpd),Tnpd/Tvf,totalDefaultBackoffs(Tdb),Tdb/Tcs,Tdb/Tvf,totalDefaultBackoffDelay(Tdbd),averageDefaultBackoffDelay(Tdbd/Tdb),totalCollisionDrops(Tcd),Tcd/Tvf
20,19956,19922,0.998296,2.9883e+07,29883,140006,0.142294,19940,0.142422,0.999097,19974,0.999099,0.997397,1.00171,564,0.0282367,0.0282849,0.436494,0.000773926,0,0,34,0.00170221,0.00170512,0.00768,0.000225882,0,0,
40,19842,19759,0.995817,2.96385e+07,29638.5,279755,0.0706297,19798,0.0707691,0.99803,19880,0.998089,0.993913,1.00414,883,0.0444165,0.0446005,0.66597,0.000754213,0,0,82,0.00412475,0.00414183,0.03584,0.000437073,0,0,
60,24081,23971,0.995432,3.59565e+07,35956.5,419473,0.0571455,24029,0.0572838,0.997586,24139,0.997597,0.99304,1.00458,963,0.0398939,0.0400766,0.740291,0.000768735,0,0,110,0.00455694,0.0045778,0.041472,0.000377018,0,0,
80,20331,20190,0.993065,3.0285e+07,30285,559146,0.0361086,20268,0.0362481,0.996152,20409,0.996178,0.989269,1.00696,1005,0.049243,0.0495856,0.775399,0.000771542,0,0,141,0.00690872,0.00695678,0.053248,0.000377645,0,0,
100,18218,18050,0.990778,2.7075e+07,27075,701325,0.025737,18148,0.0258767,0.9946,18316,0.994649,0.985477,1.00926,869,0.0474449,0.0478841,0.632759,0.000728146,0,0,168,0.00917231,0.00925722,0.05632,0.000335238,0,0,
