t,ni,nl,nu,ns,a,r,l,d,p,m,k
1000,0,20,100,20,10,1e+06,1500,10,2e+08,non-persistent,10

nodes,totalTransmissionAttempts(Tta),totalTransmittedFrames(Ttf),efficiency(Ttf/Tta),totalTransmittedBits(Ttb),throughput(Ttb/t),totalEnqueuedFrames(Tef),Ttf/Tef,totalVisitedFrames(Tvf),Tvf/Tef,Ttf/Tvf,totalChannelSenses(Tcs),Tta/Tcs,Ttf/Tcs,Tcs/Tvf,totalPostponedFrames(Tpf),totalWaits(Tw),Tw/Tpf,Tw/Tcs,Tw/Tvf,totalWaitTime(Twt),averageWaitTime(Twt/Tw),totalNonPersistentDrops(Tnpd),Tnpd/Tpf,Tnpd/Tvf,totalCollidedFrames(Tcf),totalDefaultBackoffs(Tdb),Tdb/Tcf,Tdb/Tcs,Tdb/Tvf,totalDefaultBackoffDelay(Tdbd),averageDefaultBackoffDelay(Tdbd/Tdb),totalCollisionDrops(Tcd),Tcd/Tcf,Tcd/Tvf
20,14672,14638,0.997683,2.1957e+07,21957,200090,0.0731571,14657,0.073252,0.998704,14691,0.998707,0.996392,1.00232,383,383,1,0.0260704,0.0261309,0.287286,0.000750093,0,0,0,31,34,1.09677,0.00231434,0.00231971,0.00768,0.000225882,0,0,0,
40,22904,22827,0.996638,3.42405e+07,34240.5,400139,0.0570477,22866,0.0571451,0.998294,22943,0.9983,0.994944,1.00337,744,744,1,0.0324282,0.0325374,0.539044,0.000724521,0,0,0,63,77,1.22222,0.00335614,0.00336745,0.028672,0.000372364,0,0,0,
60,28730,28625,0.996345,4.29375e+07,42937.5,600206,0.047692,28683,0.0477886,0.997978,28788,0.997985,0.994338,1.00366,1268,1268,1,0.0440461,0.0442074,0.955374,0.000753449,0,0,0,88,105,1.19318,0.00364735,0.0036607,0.036352,0.00034621,0,0,0,
80,13729,13591,0.989948,2.03865e+07,20386.5,801265,0.0169619,13670,0.0170605,0.994221,13808,0.994279,0.984284,1.0101,536,536,1,0.0388181,0.0392099,0.359927,0.000671506,0,0,0,111,138,1.24324,0.00999421,0.0100951,0.050688,0.000367304,0,0,0,
100,19161,19000,0.991598,2.85e+07,28500,999693,0.0190058,19099,0.0191049,0.994816,19260,0.99486,0.986501,1.00843,829,829,1,0.0430426,0.0434054,0.580025,0.000699668,0,0,0,135,161,1.19259,0.00835929,0.00842976,0.059904,0.000372075,0,0,0,
